{
  "1": {
    "nombre": "Detective Conan",
    "genero": "Suspenso",
    "año": "1994",
    "autor": "Gōshō Aoyama"
  },
  "2": {
    "nombre": "Dragon Ball",
    "genero": "Shonen",
    "año": "1986",
    "autor": "Akira Toriyama"
  },
  "3": {
    "nombre": "Samurai X",
    "genero": "Shonen",
    "año": "1994",
    "autor": "Nobuhiro Watsuki"
  },
  "4": {
    "nombre": "Shin-chan",
    "genero": "Slapstick",
    "año": "1992",
    "autor": "Yoshito Usui"
  },
  "5": {
    "nombre": "Ranma y medio",
    "genero": "comedia romántica",
    "año": "1987",
    "autor": "Rumiko Takahashi"
  }
}